,,,Actual,,,,,,,,,,,,,,,,,,,,,,,,,,,,,,,,,,,,PPTO,,,,,,,,,,,,,,,,,,,,,,,,,,,,
No.,Producto,Tipo,2024-01-01 00:00:00,2024-02-01 00:00:00,2024-03-01 00:00:00,2024-04-01 00:00:00,2024-05-01 00:00:00,2024-06-01 00:00:00,2024-07-01 00:00:00,2024-08-01 00:00:00,2024-09-01 00:00:00,2024-10-01 00:00:00,2024-11-01 00:00:00,2024-12-01 00:00:00,2025-01-01 00:00:00,2025-02-01 00:00:00,2025-03-01 00:00:00,2025-04-01 00:00:00,2025-05-01 00:00:00,2025-06-01 00:00:00,2025-07-01 00:00:00,2025-08-01 00:00:00,2025-09-01 00:00:00,2025-10-01 00:00:00,2025-11-01 00:00:00,2025-12-01 00:00:00,2026-01-01 00:00:00,2026-02-01 00:00:00,2026-03-01 00:00:00,2026-04-01 00:00:00,2026-05-01 00:00:00,2026-06-01 00:00:00,2026-07-01 00:00:00,2026-08-01 00:00:00,2026-09-01 00:00:00,2026-10-01 00:00:00,2026-11-01 00:00:00,2026-12-01 00:00:00,2026-01-01 00:00:00,2026-02-01 00:00:00,2026-03-01 00:00:00,2026-04-01 00:00:00,2026-05-01 00:00:00,2026-06-01 00:00:00,2026-07-01 00:00:00,2026-08-01 00:00:00,2026-09-01 00:00:00,2026-10-01 00:00:00,2026-11-01 00:00:00,2026-12-01 00:00:00,FY2024,FY2025,FYB2026,Avg2024,Avg2025,AvgB2026,Avg Last 4 Months,Avg Last 4 Months -1,,,,,,,,,
1,APA BOTELLON 18.9 LTS (x1),Ventas Netas DOP,123424716.41999991,114997994.38000026,123984626.70999981,138811260.07000005,133544804.5999999,139702946.63,145508213.3,142067987,142429803,149972665.04,123202508,123966398,132566182,123201257,146563432.2,138262583,153356447,145182996,156053586.17,162722558.11,163049007.57000002,156243451.89999998,138857890.74,140149803.84999996,134820275.913373,131598888.15812199,145577899.67638302,150469223.02466995,,,,,,,,,137339936.51523706,128989729.95478615,154918745.5930753,146784064.69097596,156795726.59611845,156795726.59611845,180728557.79857174,174187803.92118683,164440782.56949928,167518765.15556762,156424892.05267033,144241155.48496163,1601613923.1499999,1756209195.5399997,562466286.772548,133467826.92916666,146350766.295,140616571.693137,149575038.515,154328896.82,,,,,,,,,
2,APA BOTELLA 0.5 LTS ( x20),Ventas Netas DOP,140268503.19999894,129590925.96000199,147118707.709999,137191801.90000015,143938559.13999912,179493424.3300007,167166070.07998955,125196241.8499988,160056906.01999736,156499396.29999757,137646959.46999514,130871591.70999345,181654896.13999858,90699475.94999827,145682969.54999858,119820393.60999823,152491174.8100003,142880464,171396219.69000074,168383338.29000035,181589722.15,136248424.05,133727004.69000036,141122580.39000088,141966016.07406095,121602322.67376214,152246321.35505253,154193315.7086457,,,,,,,,,146079916.68,147841697.68,150551547.68,160148679.54,162893540.64,164648910.54,176823231.28000003,182461599.88000003,176781844.48000002,177086233.76,150026150.06,152766843.56,1755039087.6699715,1765696663.3199964,570007975.8115213,146253257.30583096,147141388.6099997,142501993.95288032,148171932.82000032,158787799.19750035,,,,,,,,,
3,APA BOTELLA 1.5 LTS (x12),Ventas Netas DOP,8011680.629999965,7596185.969999966,8186605.999999967,8451320.439999972,7859021.159999957,10940567.930000037,10826493.219999997,9007298.89999998,8952736.739999983,12096346.200000001,8784370.279999983,7692221.779999977,11172224.099999987,7566204.33,10027701.16,9980401.239999998,11347645.290000003,11716416,15993757.91,13709940.04,15894775.11,10448754.940000001,14552981.22,13175400.190000001,14268588.935112001,12719049.862846998,15251606.262343997,14508584.220249001,,,,,,,,,12735176.988230767,12811187.068230767,13251122.889689663,14106315.949671043,14280429.509671044,16717699.485506626,17455279.658267517,17138857.401999127,16903845.341999125,13610859.05827322,13426517.868230766,13539590.658230765,108404849.24999978,145586201.53,56747829.280552,9033737.437499981,12132183.460833333,14186957.320138,13517977.865000002,13191939.81,,,,,,,,,
4,APA OTRAS,Ventas Netas DOP,6383051.370000003,5736203.940000004,6050782.070000003,6384042.860000001,5876356.460000002,6628283.760000003,5448257.4300000025,5563605.890000004,5563867.560000001,6744124.500000003,4826863.530000003,6311696.620000003,5662142.490000003,5658383.039999999,6424449.949999999,5952482.140000001,5873418.8100000005,7606265,7027423.33,7440020.309999999,6266438.49,6384981.659999999,8122977.32,6216439.26,7783583.849310992,7853567.197624989,8808128.937863994,7862703.408306992,0,0,0,0,0,0,0,0,6600900.692549104,6632649.341111405,6664091.77242131,7298006.9597278815,7521028.426400946,7560686.292215643,9638727.375904104,9671878.2417188,9696971.762485575,8912206.807806915,8941207.212089792,8971256.643399695,71517135.99000002,78635421.8,32307983.393106967,5959761.332500002,6552951.816666666,2692331.9494255804,6747709.182499999,6986781.8625,,,,,,,,,
1,APA BOTELLON 18.9 LTS (x1),Volumen Unidades,2176634,2030863,2180434,2312088,2225994,2334040,2430715,2384434,2390100,2516669,2064104,2084073,2170623,1980412,2352573,2220469,2469100,2331867,2496451,2558912,2557490,2462997,2178145,2205919,2148881,2089948,2309806,2251659.15,,,,,,,,,2195135,2059194,2475895,2346040,2505873,2505873,2826854,2724942,2573073,2614791,2441937,2252101,27130148,27984958,8800294.15,2260845.6666666665,2332079.8333333335,2200073.5375,2351137.75,2464082.5,,,,,,,,,
2,APA BOTELLA 0.5 LTS ( x20),Volumen Unidades,1134706,1037916,1187039,1103327,1150192,1474031,1362711,1012205.3,1264155,1243944.7799999998,1096898,1043258,1383241.55,632805,1027857.45,853165,1164595,1107604,1368218,1352074,1471881,1113655,1084551,1142072,1150768,985282,1224105,1241195,,,,,,,,,1185295,1193230,1216043,1292639,1313304,1329489,1425239,1467066,1426375,1425183,1203224,1224573,14110383.08,13701719,4601350,1175865.2566666666,1141809.9166666667,1150337.5,1203039.75,1248122.75,,,,,,,,,
3,APA BOTELLA 1.5 LTS (x12),Volumen Unidades,33103,31623,33905,34924,32282,47374,47996,39108.67,39047,53374,38771,35120,49568,30247,42205,41671,46862,47157,68700,59431,63754,44507,63756,60235,64515,57945,68328,62934,,,,,,,,,55653,55921,57811,60307,60941,72589,75961.5,74849.5,73117,58732,58136,58535,466627.67,618093,253722,38885.63916666667,51507.75,63430.5,58063,55537.5,,,,,,,,,
4,APA OTRAS,Volumen Unidades,23915,22399,23490,24161,21738,25444,19875,21420.67,20828,25236,19360,23775,21734,20636,24791,22936,21870,37899,30096,33621,29642,29249,31555,22674,31241,31062,36029,30779,0,0,0,0,0,0,0,0,28126,28235,28343,30770,33484,33622,53945,54059,54146,49193,49291,49394,271641.67,326703,129111,22636.805833333332,27225.25,10759.25,28280,30871.5,,,,,,,,,
TOTAL,3693.776083333333,3980.526941666667,0.07763081785795856,3884.729,3613.4059200000006,3954.0436700000005,2992.47176,3901.2384500000003,3546.8509999999997,3615.2899500000003,3744.0080000000003,3668.581,3448.6330000000007,3928.8120000000004,3895.5491500000007,3697.5085000000004,0.02274189653861658,,,,,,,,,Volumen Unidades,,,,
AGUA PLANETA AZUL,3554.608083333333,3552.6227500000005,-0.0005585238335110709,3729.756,3186.226,3625.1665500000004,2664.1,3447.42645,3138.241,3230.7297500000004,3430.9,3395.4049999999997,3164.237,3638.268,3586.5671500000003,3407.2025000000003,0.0546231853654735,,,,,,,,,,,,,
APA BOTELLON 18.9 LTS (x1),2298.7389166666667,2332.0798333333337,0.014504003227566953,2346.04,2084.073,2170.623,1980.412,2352.573,2220.469,2146.92025,2205.919,2148.881,2089.948,2309.806,2251.65915,2188.6385,0.0194316719496217,,,,,,,,,,,,,
APA BOTELLA 0.5 LTS ( x20),1189.5145,1141.8099166666668,-0.04010424701282178,1292.639,1043.258,1383.24155,632.805,1027.85745,853.165,1021.7905,1142.072,1150.768,985.282,1224.105,1241.195,1125.5567500000002,0.10155335168999935,,,,,,,,,,,,,
APA BOTELLA 1.5 LTS (x12),39.88475,51.50775,0.2914146384269678,60.307,35.12,49.568,30.247,42.205,41.671,39.285,60.235,64.515,57.945,68.328,62.934,62.75575,0.5974481354206442,,,,,,,,,,,,,
APA OTRAS,26.469916666666666,27.22525,0.0285355387720021,30.77,23.775,21.734,20.636,24.791,22.936,22.733999999999998,22.674,31.241,31.062,36.029,30.779,30.2515,0.3306721210521686,,,,,,,,,,,,,
MAQUILAS,89.84449999999998,99.99933333333333,0.11302676661713673,95.86,103.77,87.878,88.203,110.386,114.28500000000001,97.55924999999999,93.896,81.496,93.818,89.05399999999999,94.254,89.56599999999999,-0.0819322616768785,,,,,,,,,,,,,
TOTAL,328.9747473258334,342.241640805,0.04032799960182465,347.25738338374816,293.76425274999343,358.0848606263985,253.57730939599827,336.20044097659854,304.44012107099826,310.40671593724716,321.98174767240084,317.60443635008,293.1570663470991,342.27867953168055,349.08064345893666,326.9243043564144,0.053212728884727056,,,,,,,,,,,,,
AGUA PLANETA AZUL,296.73688001947426,311.6404728097166,0.05022494268074884,328.33706714037487,268.8419081099934,331.05544472999856,227.12532031999825,308.69855285999853,274.01585998999826,283.9303065049972,300.6642236900009,298.838464771857,273.7738278923561,321.8839562316436,327.03382636187166,298.79011814646435,0.05233612369310636,,,,,,,,,,,,,
APA BOTELLON 18.9 LTS (x1),133.92139734750006,145.857271305,0.08912596637958203,146.78406469097595,123.966398,132.566182,123.201257,146.5634322,138.262583,131.5743173,140.14980384999996,134.820275913373,131.59888815812198,145.57789967638303,150.46922302466996,138.0367168994695,0.049115965274094675,,,,,,,,,,,,,
APA BOTELLA 0.5 LTS ( x20),147.35286531766099,147.09806622721655,-0.001729176354291706,160.14867954,130.87159170999345,181.65489613999858,90.69947594999827,145.68296954999857,119.82039360999822,137.2272333374972,141.12258039000088,141.96601607406095,121.60232267376215,152.24632135505254,154.1933157086457,139.23431012321913,0.014625936389650152,,,,,,,,,,,,,
APA BOTELLA 1.5 LTS (x12),9.260811684688411,12.132183460833334,0.31005616720318097,14.106315949671043,7.692221779999977,11.172224099999987,7.56620433,10.02770116,9.980401239999999,9.11458784249999,13.175400190000001,14.268588935112001,12.719049862847,15.251606262343998,14.508584220249,13.85366131257575,0.5199438034902857,,,,,,,,,,,,,
APA OTRAS,6.201805669624833,6.5529518166666625,0.05661998549255909,7.298006959727881,6.311696620000003,5.662142490000003,5.6583830399999995,6.42444995,5.952482140000001,6.014168025000001,6.21643926,7.783583849310992,7.853567197624989,8.808128937863994,7.8627034083069915,7.665429811199994,0.2745619642377706,,,,,,,,,,,,,
MAQUILAS,10.082765103386334,11.525075806116666,0.14304713914697142,11.082032616190787,10.614372550000006,10.3163861164,9.740828575999998,12.646174606599999,12.954562420999999,10.829440462250002,11.089665632399997,9.537889768410002,10.768833885911,10.365658900611999,11.06592763147,12.143392496616666,0.12133147958538837,,,,,,,,,,,,,
PRECIO UNITARIO MES,Real 2024,REAL AÑO ANTERIOR,,PO26,2024-12-01 00:00:00,2025-01-01 00:00:00,2025-02-01 00:00:00,2025-03-01 00:00:00,2025-04-01 00:00:00,Promedio Nov-24 - Mzo-25,2025-12-01 00:00:00,2026-01-01 00:00:00,2026-02-01 00:00:00,2026-03-01 00:00:00,2026-04-01 00:00:00,Promedio  Nov-25 - Mzo-26,Var  %,,,,,,,,,,,,,
TOTAL,89.06190843841307,85.97897861776603,519.4844098591485,89.39037533473974,81.29843678066298,90.5616858365144,84.73841350335694,86.17787538123913,85.83391889622605,85.85942489543532,85.99921465776805,86.57419213316538,85.00674509206954,87.12014714159916,89.61012427707055,88.41745850115404,0.029793276729188856,,,,,,,,,,,,,
AGUA PLANETA AZUL,83.47949283376673,87.72123997959439,-89924.43950872742,88.03178200943302,84.37628344944565,91.32144417750916,85.25405214518909,89.54463781526029,87.31511059539349,87.88426407532143,87.63421367279749,88.01261256664729,86.52127760732084,88.47175530544853,91.18296484756229,87.69367777420459,-0.002168605530490586,,,,,,,,,,,,,
APA BOTELLON 18.9 LTS (x1),58.25863754101119,62.54385858502985,6144.921852346618,62.56673572955958,59.482752283629225,61.07287262689099,62.209912381868016,62.29920695340803,62.26728812696778,61.28514428982631,63.53352224175048,62.73975893191526,62.967541851817366,63.0260288857086,66.82593279034704,63.06967409166452,0.029118472715000898,,,,,,,,,,,,,
APA BOTELLA 0.5 LTS ( x20),123.87647676229335,128.82885678261232,,123.89281117156453,125.44508808942128,131.32550575855575,143.32926565055314,141.73460488124942,140.4422281856361,134.3007527839584,123.56714847225123,123.36632238128011,123.41880058070902,124.37358017086162,124.22972676222972,123.70261217234858,-0.07891348627552675,,,,,,,,,,,,,
APA BOTELLA 1.5 LTS (x12),232.18928750182494,235.54093240014043,,233.9084343388171,219.02681605922484,225.39186773724958,250.14726518332395,237.5950991588674,239.50472126898802,232.01190893470766,218.73329775047733,221.16699891671706,219.50211170673913,223.21165938332743,230.53650205372296,220.75525051610012,-0.04851758890434965,,,,,,,,,,,,,
APA OTRAS,234.29638059400136,240.693907922486,,237.1792967087384,265.4761985278655,260.52003726879553,274.1996045745299,259.1444455649227,259.5257298569934,264.54508775402485,274.1659724794919,249.1464373519091,252.83520692888382,244.47331143978442,255.45675325082007,253.39007358973916,-0.04216677867274432,,,,,,,,,,,,,
MAQUILAS,112.22462257997248,115.25152640467603,,115.60643246600029,102.28748723137714,117.39441175720887,110.43647694522859,114.56321097421774,113.35312964081024,111.0037281165036,118.10583658941806,117.03506636411608,114.78430456747107,116.39745436041055,117.4053900255692,135.580382026848,0.22140386027890946,,,,,,,,,,,,,
